timestamp,title,price
2025-06-24 12:26:16,A Light in the ...,51.77
2025-06-24 12:26:16,Tipping the Velvet,53.74
2025-06-24 12:26:16,Soumission,50.1
2025-06-24 12:26:16,Sharp Objects,47.82
2025-06-24 12:26:16,Sapiens: A Brief History ...,54.23
2025-06-24 12:26:16,The Requiem Red,22.65
2025-06-24 12:26:16,The Dirty Little Secrets ...,33.34
2025-06-24 12:26:16,The Coming Woman: A ...,17.93
2025-06-24 12:26:16,The Boys in the ...,22.6
2025-06-24 12:26:16,The Black Maria,52.15
2025-06-24 12:26:16,Starving Hearts (Triangular Trade ...,13.99
2025-06-24 12:26:16,Shakespeare's Sonnets,20.66
2025-06-24 12:26:16,Set Me Free,17.46
2025-06-24 12:26:16,Scott Pilgrim's Precious Little ...,52.29
2025-06-24 12:26:16,Rip it Up and ...,35.02
2025-06-24 12:26:16,Our Band Could Be ...,57.25
2025-06-24 12:26:16,Olio,23.88
2025-06-24 12:26:16,Mesaerion: The Best Science ...,37.59
2025-06-24 12:26:16,Libertarianism for Beginners,51.33
2025-06-24 12:26:16,It's Only the Himalayas,45.17
2025-06-24 12:26:17,In Her Wake,12.84
2025-06-24 12:26:17,How Music Works,37.32
2025-06-24 12:26:17,Foolproof Preserving: A Guide ...,30.52
2025-06-24 12:26:17,Chase Me (Paris Nights ...,25.27
2025-06-24 12:26:17,Black Dust,34.53
2025-06-24 12:26:17,Birdsong: A Story in ...,54.64
2025-06-24 12:26:17,America's Cradle of Quarterbacks: ...,22.5
2025-06-24 12:26:17,Aladdin and His Wonderful ...,53.13
2025-06-24 12:26:17,Worlds Elsewhere: Journeys Around ...,40.3
2025-06-24 12:26:17,Wall and Piece,44.18
2025-06-24 12:26:17,The Four Agreements: A ...,17.66
2025-06-24 12:26:17,The Five Love Languages: ...,31.05
2025-06-24 12:26:17,The Elephant Tree,23.82
2025-06-24 12:26:21,The Bear and the ...,36.89
2025-06-24 12:26:21,Sophie's World,15.94
2025-06-24 12:26:21,Penny Maybe,33.29
2025-06-24 12:26:21,Maude (1883-1993):She Grew Up ...,18.02
2025-06-24 12:26:21,"In a Dark, Dark ...",19.63
2025-06-24 12:26:21,Behind Closed Doors,52.22
2025-06-24 12:26:21,You can't bury them ...,33.63
2025-06-24 12:26:21,Slow States of Collapse: ...,57.31
2025-06-24 12:26:21,Reasons to Stay Alive,26.41
2025-06-24 12:26:21,Private Paris (Private #10),47.61
2025-06-24 12:26:21,#HigherSelfie: Wake Up Your ...,23.11
2025-06-24 12:26:21,Without Borders (Wanderlove #1),45.07
2025-06-24 12:26:21,When We Collided,31.77
2025-06-24 12:26:21,"We Love You, Charlie ...",50.27
2025-06-24 12:26:21,Untitled Collection: Sabbath Poems ...,14.27
2025-06-24 12:26:21,Unseen City: The Majesty ...,44.18
2025-06-24 12:26:21,Unicorn Tracks,18.78
2025-06-24 12:26:21,Unbound: How Eight Technologies ...,25.52
2025-06-24 12:26:21,Tsubasa: WoRLD CHRoNiCLE 2 ...,16.28
2025-06-24 12:26:21,Throwing Rocks at the ...,31.12
2025-06-24 12:26:21,This One Summer,19.49
2025-06-24 12:26:21,Thirst,17.27
2025-06-24 12:26:21,The Torch Is Passed: ...,19.09
2025-06-24 12:26:21,The Secret of Dreadwillow ...,56.13
2025-06-24 12:26:21,The Pioneer Woman Cooks: ...,56.41
2025-06-24 12:26:21,The Past Never Ends,56.5
2025-06-24 12:26:21,The Natural History of ...,45.22
2025-06-24 12:26:21,The Nameless City (The ...,38.16
2025-06-24 12:26:21,The Murder That Never ...,54.11
2025-06-24 12:26:21,The Most Perfect Thing: ...,42.96
2025-06-24 12:26:21,The Mindfulness and Acceptance ...,23.89
2025-06-24 12:26:21,The Life-Changing Magic of ...,16.77
2025-06-24 12:26:21,The Inefficiency Assassin: Time ...,20.59
2025-06-24 12:26:21,The Gutsy Girl: Escapades ...,37.13
2025-06-24 12:26:21,The Electric Pencil: Drawings ...,56.06
2025-06-24 12:26:21,The Death of Humanity: ...,58.11
2025-06-24 12:26:21,The Bulletproof Diet: Lose ...,49.05
2025-06-24 12:26:21,The Art Forger,40.76
2025-06-24 12:26:21,The Age of Genius: ...,19.73
2025-06-24 12:26:21,The Activist's Tao Te ...,32.24
2025-06-24 12:26:21,Spark Joy: An Illustrated ...,41.83
2025-06-24 12:26:21,Soul Reader,39.58
2025-06-24 12:26:21,Security,39.25
2025-06-24 12:26:21,"Saga, Volume 6 (Saga ...",25.02
2025-06-24 12:26:21,"Saga, Volume 5 (Saga ...",51.04
2025-06-24 12:26:21,Reskilling America: Learning to ...,19.83
2025-06-24 12:26:21,"Rat Queens, Vol. 3: ...",50.4
2025-06-24 12:26:21,"Princess Jellyfish 2-in-1 Omnibus, ...",13.61
2025-06-24 12:26:21,Princess Between Worlds (Wide-Awake ...,13.34
2025-06-24 12:26:21,"Pop Gun War, Volume ...",18.97
2025-06-24 12:26:21,"Political Suicide: Missteps, Peccadilloes, ...",36.28
2025-06-24 12:26:21,Patience,10.16
2025-06-24 12:26:21,"Outcast, Vol. 1: A ...",15.44
2025-06-24 12:26:21,orange: The Complete Collection ...,48.41
2025-06-24 12:26:21,Online Marketing for Busy ...,46.35
2025-06-24 12:26:21,On a Midnight Clear,14.07
2025-06-24 12:26:21,Obsidian (Lux #1),14.86
2025-06-24 12:26:21,My Paris Kitchen: Recipes ...,33.37
2025-06-24 12:26:21,Masks and Shadows,56.4
2025-06-24 12:26:21,Mama Tried: Traditional Italian ...,14.02
2025-06-24 12:26:21,"Lumberjanes, Vol. 2: Friendship ...",46.91
2025-06-24 12:26:21,"Lumberjanes, Vol. 1: Beware ...",45.61
2025-06-24 12:26:21,Lumberjanes Vol. 3: A ...,19.92
2025-06-24 12:26:21,"Layered: Baking, Building, and ...",40.11
2025-06-24 12:26:21,Judo: Seven Steps to ...,53.9
2025-06-24 12:26:21,Join,35.67
2025-06-24 12:26:21,In the Country We ...,22.0
2025-06-24 12:26:21,Immunity: How Elie Metchnikoff ...,57.36
2025-06-24 12:26:21,"I Hate Fairyland, Vol. ...",29.17
2025-06-24 12:26:21,I am a Hero ...,54.63
2025-06-24 12:26:21,How to Be Miserable: ...,46.03
2025-06-24 12:26:21,Her Backup Boyfriend (The ...,33.97
2025-06-24 12:26:21,"Giant Days, Vol. 2 ...",22.11
2025-06-24 12:26:21,Forever and Forever: The ...,29.69
2025-06-24 12:26:21,First and First (Five ...,15.97
2025-06-24 12:26:21,Fifty Shades Darker (Fifty ...,21.96
2025-06-24 12:26:21,Everydata: The Misinformation Hidden ...,54.35
2025-06-24 12:26:21,Don't Be a Jerk: ...,37.97
2025-06-24 12:26:21,Danganronpa Volume 1,51.99
2025-06-24 12:26:21,Crown of Midnight (Throne ...,43.29
2025-06-24 12:26:21,"Codename Baboushka, Volume 1: ...",36.72
2025-06-24 12:26:21,Camp Midnight,17.08
2025-06-24 12:26:22,Call the Nurse: True ...,29.14
2025-06-24 12:26:22,Burning,28.81
2025-06-24 12:26:22,Bossypants,49.46
2025-06-24 12:26:22,"Bitch Planet, Vol. 1: ...",37.92
2025-06-24 12:26:22,Avatar: The Last Airbender: ...,28.09
2025-06-24 12:26:22,Algorithms to Live By: ...,30.81
2025-06-24 12:26:22,A World of Flavor: ...,42.95
2025-06-24 12:26:22,"A Piece of Sky, ...",56.76
2025-06-24 12:26:22,A Murder in Time,16.64
2025-06-24 12:26:22,A Flight of Arrows ...,55.53
2025-06-24 12:26:22,A Fierce and Subtle ...,28.13
2025-06-24 12:26:22,A Court of Thorns ...,52.37
2025-06-24 12:26:22,(Un)Qualified: How God Uses ...,54.0
2025-06-24 12:26:22,You Are What You ...,21.87
2025-06-24 12:26:22,William Shakespeare's Star Wars: ...,43.3
2025-06-24 12:26:22,Tuesday Nights in 1980,21.04
2025-06-24 12:26:22,Tracing Numbers on a ...,41.6
2025-06-24 12:26:22,Throne of Glass (Throne ...,35.07
2025-06-24 12:26:22,Thomas Jefferson and the ...,59.64
2025-06-24 12:26:22,Thirteen Reasons Why,52.72
2025-06-24 12:26:22,The White Cat and ...,58.08
2025-06-24 12:26:22,The Wedding Dress,24.12
2025-06-24 12:26:22,The Vacationers,42.15
2025-06-24 12:26:22,The Third Wave: An ...,12.61
2025-06-24 12:26:22,The Stranger,17.44
2025-06-24 12:26:22,The Shadow Hero (The ...,33.14
2025-06-24 12:26:22,The Secret (The Secret ...,27.37
2025-06-24 12:26:22,The Regional Office Is ...,51.36
2025-06-24 12:26:22,The Psychopath Test: A ...,36.0
2025-06-24 12:26:22,The Project,10.65
2025-06-24 12:26:22,The Power of Now: ...,43.54
2025-06-24 12:26:22,The Omnivore's Dilemma: A ...,38.21
2025-06-24 12:26:22,The Nerdy Nummies Cookbook: ...,37.34
2025-06-24 12:26:22,The Murder of Roger ...,44.1
2025-06-24 12:26:22,The Mistake (Off-Campus #2),43.29
2025-06-24 12:26:22,The Matchmaker's Playbook (Wingmen ...,55.85
2025-06-24 12:26:22,The Love and Lemons ...,37.6
2025-06-24 12:26:22,The Long Shadow of ...,10.97
2025-06-24 12:26:22,The Kite Runner,41.82
2025-06-24 12:26:22,The House by the ...,36.95
2025-06-24 12:26:22,The Glittering Court (The ...,44.28
2025-06-24 12:26:22,The Girl on the ...,55.02
2025-06-24 12:26:22,The Genius of Birds,17.24
2025-06-24 12:26:22,The Emerald Mystery,23.15
2025-06-24 12:26:22,The Cookies & Cups ...,41.25
2025-06-24 12:26:22,The Bridge to Consciousness: ...,32.0
2025-06-24 12:26:22,The Artist's Way: A ...,38.49
2025-06-24 12:26:22,The Art of War,33.34
2025-06-24 12:26:22,The Argonauts,10.93
2025-06-24 12:26:22,The 10% Entrepreneur: Live ...,27.55
2025-06-24 12:26:22,Suddenly in Love (Lake ...,55.99
2025-06-24 12:26:22,Something More Than This,16.24
2025-06-24 12:26:22,Soft Apocalypse,26.12
2025-06-24 12:26:22,So You've Been Publicly ...,12.23
2025-06-24 12:26:22,Shoe Dog: A Memoir ...,23.99
2025-06-24 12:26:22,"Shobu Samurai, Project Aryoku ...",29.06
2025-06-24 12:26:22,Secrets and Lace (Fatal ...,20.27
2025-06-24 12:26:22,Scarlett Epstein Hates It ...,43.55
2025-06-24 12:26:22,Romero and Juliet: A ...,36.94
2025-06-24 12:26:22,Redeeming Love,20.47
2025-06-24 12:26:22,Poses for Artists Volume ...,41.06
2025-06-24 12:26:22,Poems That Make Grown ...,14.19
2025-06-24 12:26:22,"Nightingale, Sing",38.28
2025-06-24 12:26:22,Night Sky with Exit ...,41.05
2025-06-24 12:26:22,Mrs. Houdini,30.25
2025-06-24 12:26:22,Modern Romance,28.26
2025-06-24 12:26:22,Miss Peregrine's Home for ...,10.76
2025-06-24 12:26:22,Louisa: The Extraordinary Life ...,16.85
2025-06-24 12:26:22,Little Red,13.47
2025-06-24 12:26:22,Library of Souls (Miss ...,48.56
2025-06-24 12:26:22,Large Print Heart of ...,19.15
2025-06-24 12:26:22,I Had a Nice ...,57.36
2025-06-24 12:26:22,Hollow City (Miss Peregrine's ...,42.98
2025-06-24 12:26:22,Grumbles,22.16
2025-06-24 12:26:22,Full Moon over Noah's ...,49.43
2025-06-24 12:26:22,Frostbite (Vampire Academy #2),29.99
2025-06-24 12:26:22,Follow You Home,21.36
2025-06-24 12:26:22,First Steps for New ...,29.0
2025-06-24 12:26:22,Finders Keepers (Bill Hodges ...,53.53
2025-06-24 12:26:22,"Fables, Vol. 1: Legends ...",41.62
2025-06-24 12:26:22,Eureka Trivia 6.0,54.59
2025-06-24 12:26:22,Drive: The Surprising Truth ...,34.95
2025-06-24 12:26:22,Done Rubbed Out (Reightman ...,37.72
2025-06-24 12:26:22,Doing It Over (Most ...,35.61
2025-06-24 12:26:22,Deliciously Ella Every Day: ...,42.16
2025-06-24 12:26:22,Dark Notes,19.19
2025-06-24 12:26:22,Daring Greatly: How the ...,19.43
2025-06-24 12:26:22,Close to You,49.46
2025-06-24 12:26:22,Chasing Heaven: What Dying ...,37.8
2025-06-24 12:26:22,Big Magic: Creative Living ...,30.8
2025-06-24 12:26:22,Becoming Wise: An Inquiry ...,27.43
2025-06-24 12:26:22,Beauty Restored (Riley Family ...,11.11
2025-06-24 12:26:22,Batman: The Long Halloween ...,36.5
2025-06-24 12:26:22,Batman: The Dark Knight ...,15.38
2025-06-24 12:26:22,Ayumi's Violin,15.48
2025-06-24 12:26:22,Anonymous,46.82
2025-06-24 12:26:22,Amy Meets the Saints ...,18.46
2025-06-24 12:26:22,Amid the Chaos,36.58
2025-06-24 12:26:22,Amatus,50.54
2025-06-24 12:26:22,Agnostic: A Spirited Manifesto,12.51
2025-06-24 12:26:22,Zealot: The Life and ...,24.7
2025-06-24 12:26:23,You (You #1),43.61
2025-06-24 12:26:23,"Wonder Woman: Earth One, ...",37.34
2025-06-24 12:26:23,Wild Swans,14.36
2025-06-24 12:26:23,Why the Right Went ...,52.65
2025-06-24 12:26:23,Whole Lotta Creativity Going ...,38.2
2025-06-24 12:26:23,What's It Like in ...,19.6
2025-06-24 12:26:23,"We Are Robin, Vol. ...",53.9
2025-06-24 12:26:23,Walt Disney's Alice in ...,12.96
2025-06-24 12:26:23,V for Vendetta (V ...,37.1
2025-06-24 12:26:23,Until Friday Night (The ...,46.31
2025-06-24 12:26:23,Unbroken: A World War ...,45.95
2025-06-24 12:26:23,Twenty Yawns,22.08
2025-06-24 12:26:23,Through the Woods,25.38
2025-06-24 12:26:23,This Is Where It ...,27.12
2025-06-24 12:26:23,The Year of Magical ...,43.04
2025-06-24 12:26:23,The Wright Brothers,56.8
2025-06-24 12:26:23,The White Queen (The ...,25.91
2025-06-24 12:26:23,The Wedding Pact (The ...,32.61
2025-06-24 12:26:23,The Time Keeper,27.88
2025-06-24 12:26:23,The Testament of Mary,52.67
2025-06-24 12:26:23,The Star-Touched Queen,46.02
2025-06-24 12:26:23,The Songs of the ...,44.48
2025-06-24 12:26:23,The Song of Achilles,37.4
2025-06-24 12:26:23,The Rosie Project (Don ...,54.04
2025-06-24 12:26:23,The Power of Habit: ...,16.88
2025-06-24 12:26:23,The Marriage of Opposites,28.08
2025-06-24 12:26:23,The Lucifer Effect: Understanding ...,10.4
2025-06-24 12:26:23,The Long Haul (Diary ...,44.07
2025-06-24 12:26:23,The Loney,23.4
2025-06-24 12:26:23,The Literature Book (Big ...,17.43
2025-06-24 12:26:23,The Last Mile (Amos ...,54.21
2025-06-24 12:26:23,The Immortal Life of ...,40.67
2025-06-24 12:26:23,The Hidden Oracle (The ...,52.26
2025-06-24 12:26:23,The Help Yourself Cookbook ...,28.77
2025-06-24 12:26:23,The Guilty (Will Robie ...,13.82
2025-06-24 12:26:23,The First Hostage (J.B. ...,25.85
2025-06-24 12:26:23,The Dovekeepers,48.78
2025-06-24 12:26:23,The Darkest Lie,35.35
2025-06-24 12:26:23,The Bane Chronicles (The ...,44.73
2025-06-24 12:26:23,The Bad-Ass Librarians of ...,15.77
2025-06-24 12:26:23,The 14th Colony (Cotton ...,39.24
2025-06-24 12:26:23,That Darkness (Gardiner and ...,13.92
2025-06-24 12:26:23,Tastes Like Fear (DI ...,10.69
2025-06-24 12:26:23,Take Me with You,45.21
2025-06-24 12:26:23,Swell: A Year of ...,45.58
2025-06-24 12:26:23,Superman Vol. 1: Before ...,11.89
2025-06-24 12:26:23,Still Life with Bread ...,26.41
2025-06-24 12:26:23,Steve Jobs,39.5
2025-06-24 12:26:23,Sorting the Beef from ...,44.74
2025-06-24 12:26:23,Someone Like You (The ...,52.79
2025-06-24 12:26:23,"So Cute It Hurts!!, ...",35.43
2025-06-24 12:26:23,Shtum,55.84
2025-06-24 12:26:23,See America: A Celebration ...,48.87
2025-06-24 12:26:23,salt.,46.78
2025-06-24 12:26:23,Robin War,47.82
2025-06-24 12:26:23,"Red Hood/Arsenal, Vol. 1: ...",25.48
2025-06-24 12:26:23,Rain Fish,23.57
2025-06-24 12:26:23,Quarter Life Poetry: Poems ...,50.89
2025-06-24 12:26:23,Pet Sematary,10.56
2025-06-24 12:26:23,"Overload: How to Unplug, ...",52.15
2025-06-24 12:26:23,Once Was a Time,18.28
2025-06-24 12:26:23,Old School (Diary of ...,11.83
2025-06-24 12:26:23,No Dream Is Too ...,21.95
2025-06-24 12:26:23,"Naruto (3-in-1 Edition), Vol. ...",38.39
2025-06-24 12:26:23,My Name Is Lucy ...,41.56
2025-06-24 12:26:23,My Mrs. Brown,24.48
2025-06-24 12:26:23,My Kind of Crazy,40.36
2025-06-24 12:26:23,Mr. Mercedes (Bill Hodges ...,28.9
2025-06-24 12:26:23,More Than Music (Chasing ...,37.61
2025-06-24 12:26:23,Made to Stick: Why ...,38.85
2025-06-24 12:26:23,Luis Paints the World,53.95
2025-06-24 12:26:23,Luckiest Girl Alive,49.83
2025-06-24 12:26:23,Lowriders to the Center ...,51.51
2025-06-24 12:26:23,Love Is a Mix ...,18.03
2025-06-24 12:26:23,Looking for Lovely: Collecting ...,29.14
2025-06-24 12:26:23,Living Leadership by Insight: ...,46.91
2025-06-24 12:26:23,Let It Out: A ...,26.79
2025-06-24 12:26:23,Lady Midnight (The Dark ...,16.28
2025-06-24 12:26:23,"It's All Easy: Healthy, ...",19.55
2025-06-24 12:26:23,Island of Dragons (Unwanteds ...,29.65
2025-06-24 12:26:23,I Know What I'm ...,25.98
2025-06-24 12:26:23,I Am Pilgrim (Pilgrim ...,10.6
2025-06-24 12:26:23,Hyperbole and a Half: ...,14.75
2025-06-24 12:26:23,"Hush, Hush (Hush, Hush ...",47.02
2025-06-24 12:26:23,Hold Your Breath (Search ...,28.82
2025-06-24 12:26:23,Hamilton: The Revolution,58.79
2025-06-24 12:26:23,Greek Mythic History,10.23
2025-06-24 12:26:23,God: The Most Unpleasant ...,30.03
2025-06-24 12:26:23,Glory over Everything: Beyond ...,45.84
2025-06-24 12:26:23,Feathers: Displays of Brilliant ...,49.05
2025-06-24 12:26:23,Far & Away: Places ...,15.06
2025-06-24 12:26:23,Every Last Word,46.47
2025-06-24 12:26:23,Eligible (The Austen Project ...,27.09
2025-06-24 12:26:23,El Deafo,57.62
2025-06-24 12:26:23,Eight Hundred Grapes,14.39
2025-06-24 12:26:23,Eaternity: More than 150 ...,51.75
2025-06-24 12:26:23,"Eat Fat, Get Thin",54.07
2025-06-24 12:26:23,Don't Get Caught,55.35
2025-06-24 12:26:24,Doctor Sleep (The Shining ...,40.12
2025-06-24 12:26:24,Demigods & Magicians: Percy ...,37.51
2025-06-24 12:26:24,Dear Mr. Knightley,11.21
2025-06-24 12:26:24,Daily Fantasy Sports,36.58
2025-06-24 12:26:24,Crazy Love: Overwhelmed by ...,47.72
2025-06-24 12:26:24,Cometh the Hour (The ...,25.01
2025-06-24 12:26:24,Code Name Verity (Code ...,22.13
2025-06-24 12:26:24,Clockwork Angel (The Infernal ...,44.14
2025-06-24 12:26:24,City of Glass (The ...,56.02
2025-06-24 12:26:24,City of Fallen Angels ...,11.23
2025-06-24 12:26:24,City of Bones (The ...,43.28
2025-06-24 12:26:24,City of Ashes (The ...,47.27
2025-06-24 12:26:24,Cell,20.29
2025-06-24 12:26:24,Catching Jordan (Hundred Oaks),50.83
2025-06-24 12:26:24,"Carry On, Warrior: Thoughts ...",31.85
2025-06-24 12:26:24,Carrie,46.23
2025-06-24 12:26:24,Buying In: The Secret ...,37.8
2025-06-24 12:26:24,Brain on Fire: My ...,49.32
2025-06-24 12:26:24,Batman: Europa,32.01
2025-06-24 12:26:24,Barefoot Contessa Back to ...,28.01
2025-06-24 12:26:24,Barefoot Contessa at Home: ...,50.62
2025-06-24 12:26:24,Balloon Animals,17.03
2025-06-24 12:26:24,Art Ops Vol. 1,48.8
2025-06-24 12:26:24,Aristotle and Dante Discover ...,58.14
2025-06-24 12:26:24,Angels Walking (Angels Walking ...,34.2
2025-06-24 12:26:24,Angels & Demons (Robert ...,51.48
2025-06-24 12:26:24,All the Light We ...,29.87
2025-06-24 12:26:24,Adulthood Is a Myth: ...,10.9
2025-06-24 12:26:24,Abstract City,56.37
2025-06-24 12:26:24,A Time of Torment ...,48.35
2025-06-24 12:26:24,A Study in Scarlet ...,16.73
2025-06-24 12:26:24,A Series of Catastrophes ...,56.48
2025-06-24 12:26:24,A People's History of ...,40.79
2025-06-24 12:26:24,A Man Called Ove,39.72
2025-06-24 12:26:24,A Distant Mirror: The ...,14.58
2025-06-24 12:26:24,A Brush of Wings ...,55.51
2025-06-24 12:26:24,1491: New Revelations of ...,21.8
2025-06-24 12:26:24,"The Three Searches, Meaning, ...",13.33
2025-06-24 12:26:24,Searching for Meaning in ...,38.73
2025-06-24 12:26:24,Rook,37.86
2025-06-24 12:26:24,My Kitchen Year: 136 ...,11.53
2025-06-24 12:26:24,13 Hours: The Inside ...,27.06
2025-06-24 12:26:24,Will You Won't You ...,13.86
2025-06-24 12:26:24,Tipping Point for Planet ...,37.55
2025-06-24 12:26:24,The Star-Touched Queen,32.3
2025-06-24 12:26:24,The Silent Sister (Riley ...,46.29
2025-06-24 12:26:24,The Midnight Watch: A ...,26.2
2025-06-24 12:26:24,The Lonely City: Adventures ...,33.26
2025-06-24 12:26:24,The Gray Rhino: How ...,59.15
2025-06-24 12:26:24,The Golden Condom: And ...,39.43
2025-06-24 12:26:24,The Epidemic (The Program ...,14.44
2025-06-24 12:26:24,The Dinner Party,56.54
2025-06-24 12:26:24,The Diary of a ...,59.9
2025-06-24 12:26:24,The Children,11.88
2025-06-24 12:26:24,Stars Above (The Lunar ...,48.05
2025-06-24 12:26:24,Snatched: How A Drug ...,21.21
2025-06-24 12:26:24,Raspberry Pi Electronics Projects ...,49.67
2025-06-24 12:26:24,Quench Your Own Thirst: ...,43.14
2025-06-24 12:26:24,Psycho: Sanitarium (Psycho #1.5),36.97
2025-06-24 12:26:24,Poisonous (Max Revere Novels ...,26.8
2025-06-24 12:26:24,One with You (Crossfire ...,15.71
2025-06-24 12:26:24,No Love Allowed (Dodge ...,54.65
2025-06-24 12:26:24,Murder at the 42nd ...,54.36
2025-06-24 12:26:24,Most Wanted,35.28
2025-06-24 12:26:24,"Love, Lies and Spies",20.55
2025-06-24 12:26:24,How to Speak Golf: ...,58.32
2025-06-24 12:26:24,Hide Away (Eve Duncan ...,11.84
2025-06-24 12:26:24,Furiously Happy: A Funny ...,41.46
2025-06-24 12:26:24,Everyday Italian: 125 Simple ...,20.1
2025-06-24 12:26:24,Equal Is Unfair: America's ...,56.86
2025-06-24 12:26:24,Eleanor & Park,56.51
2025-06-24 12:26:24,Dirty (Dive Bar #1),40.83
2025-06-24 12:26:24,Can You Keep a ...,48.64
2025-06-24 12:26:24,Boar Island (Anna Pigeon ...,59.48
2025-06-24 12:26:24,A Paris Apartment,39.01
2025-06-24 12:26:24,A la Mode: 120 ...,38.77
2025-06-24 12:26:24,Troublemaker: Surviving Hollywood and ...,48.39
2025-06-24 12:26:24,The Widow,27.26
2025-06-24 12:26:24,The Sleep Revolution: Transforming ...,11.68
2025-06-24 12:26:24,The Improbability of Love,59.45
2025-06-24 12:26:24,The Art of Startup ...,21.0
2025-06-24 12:26:24,Take Me Home Tonight ...,53.98
2025-06-24 12:26:24,Sleeping Giants (Themis Files ...,48.74
2025-06-24 12:26:24,Setting the World on ...,21.15
2025-06-24 12:26:24,Playing with Fire,13.71
2025-06-24 12:26:24,Off the Hook (Fishing ...,47.67
2025-06-24 12:26:24,Mothering Sunday,13.34
2025-06-24 12:26:24,"Mother, Can You Not?",16.89
2025-06-24 12:26:24,M Train,27.18
2025-06-24 12:26:24,Lilac Girls,17.28
2025-06-24 12:26:24,Lies and Other Acts ...,45.14
2025-06-24 12:26:24,Lab Girl,40.85
2025-06-24 12:26:24,Keep Me Posted,20.46
2025-06-24 12:26:24,It Didn't Start with ...,56.27
2025-06-24 12:26:24,Grey (Fifty Shades #4),48.49
2025-06-24 12:26:24,"Exit, Pursued by a ...",51.34
2025-06-24 12:26:24,Daredevils,16.34
2025-06-24 12:26:24,Cravings: Recipes for What ...,20.5
2025-06-24 12:26:24,Born for This: How ...,21.59
2025-06-24 12:26:24,Arena,21.36
2025-06-24 12:26:24,Adultery,20.88
2025-06-24 12:26:24,A Mother's Reckoning: Living ...,19.53
2025-06-24 12:26:25,A Gentleman's Position (Society ...,14.75
2025-06-24 12:26:25,11/22/63,48.48
2025-06-24 12:26:25,10% Happier: How I ...,24.57
2025-06-24 12:26:25,10-Day Green Smoothie Cleanse: ...,49.71
2025-06-24 12:26:25,Without Shame,48.27
2025-06-24 12:26:25,Watchmen,58.05
2025-06-24 12:26:25,Unlimited Intuition Now,58.87
2025-06-24 12:26:25,Underlying Notes,11.82
2025-06-24 12:26:25,The Shack,28.03
2025-06-24 12:26:25,The New Brand You: ...,44.05
2025-06-24 12:26:25,The Moosewood Cookbook: Recipes ...,12.34
2025-06-24 12:26:25,The Flowers Lied,16.68
2025-06-24 12:26:25,The Fabric of the ...,55.91
2025-06-24 12:26:25,The Book of Mormon,24.57
2025-06-24 12:26:25,The Art and Science ...,52.98
2025-06-24 12:26:25,The Alien Club,54.4
2025-06-24 12:26:25,Suzie Snowflake: One beautiful ...,54.81
2025-06-24 12:26:25,Nap-a-Roo,25.08
2025-06-24 12:26:25,NaNo What Now? Finding ...,10.41
2025-06-24 12:26:25,Modern Day Fables,47.44
2025-06-24 12:26:25,If I Gave You ...,20.91
2025-06-24 12:26:25,"Fruits Basket, Vol. 9 ...",33.95
2025-06-24 12:26:25,Dress Your Family in ...,43.68
2025-06-24 12:26:25,Don't Forget Steven,33.23
2025-06-24 12:26:25,Chernobyl 01:23:40: The Incredible ...,35.92
2025-06-24 12:26:25,Art and Fear: Observations ...,48.63
2025-06-24 12:26:25,A Shard of Ice ...,56.63
2025-06-24 12:26:25,A Hero's Curse (The ...,50.49
2025-06-24 12:26:25,23 Degrees South: A ...,35.79
2025-06-24 12:26:25,Zero to One: Notes ...,34.06
2025-06-24 12:26:25,Why Not Me?,17.76
2025-06-24 12:26:25,When Breath Becomes Air,39.36
2025-06-24 12:26:25,Vagabonding: An Uncommon Guide ...,36.94
2025-06-24 12:26:25,The Unlikely Pilgrimage of ...,43.62
2025-06-24 12:26:25,The New Drawing on ...,43.02
2025-06-24 12:26:25,"The Midnight Assassin: Panic, ...",28.45
2025-06-24 12:26:25,The Martian (The Martian ...,41.39
2025-06-24 12:26:25,The High Mountains of ...,51.15
2025-06-24 12:26:25,The Grownup,35.88
2025-06-24 12:26:25,The E-Myth Revisited: Why ...,36.91
2025-06-24 12:26:25,South of Sunshine,28.93
2025-06-24 12:26:25,Smarter Faster Better: The ...,38.89
2025-06-24 12:26:25,Silence in the Dark ...,58.33
2025-06-24 12:26:25,Shadows of the Past ...,39.67
2025-06-24 12:26:25,Roller Girl,14.1
2025-06-24 12:26:25,Rising Strong,21.82
2025-06-24 12:26:25,Proofs of God: Classical ...,54.21
2025-06-24 12:26:25,Please Kill Me: The ...,31.19
2025-06-24 12:26:25,Out of Print: City ...,53.64
2025-06-24 12:26:25,My Life Next Door ...,36.39
2025-06-24 12:26:25,Miller's Valley,58.54
2025-06-24 12:26:25,Man's Search for Meaning,29.48
2025-06-24 12:26:25,Love That Boy: What ...,25.06
2025-06-24 12:26:25,Living Forward: A Proven ...,12.55
2025-06-24 12:26:25,Les Fleurs du Mal,29.04
2025-06-24 12:26:25,Left Behind (Left Behind ...,40.72
2025-06-24 12:26:25,Kill 'Em and Leave: ...,45.05
2025-06-24 12:26:25,Kierkegaard: A Christian Missionary ...,47.13
2025-06-24 12:26:25,John Vassos: Industrial Design ...,20.22
2025-06-24 12:26:25,I'll Give You the ...,56.48
2025-06-24 12:26:25,I Will Find You,44.21
2025-06-24 12:26:25,Hystopia: A Novel,21.96
2025-06-24 12:26:25,Howl and Other Poems,40.45
2025-06-24 12:26:25,History of Beauty,10.29
2025-06-24 12:26:25,Heaven is for Real: ...,52.86
2025-06-24 12:26:25,Future Shock (Future Shock ...,55.65
2025-06-24 12:26:25,Ender's Game (The Ender ...,43.64
2025-06-24 12:26:25,Diary of a Citizen ...,28.41
2025-06-24 12:26:25,Death by Leisure: A ...,37.51
2025-06-24 12:26:25,Brilliant Beacons: A History ...,11.45
2025-06-24 12:26:25,Brazen: The Courage to ...,19.22
2025-06-24 12:26:25,Between the World and ...,56.91
2025-06-24 12:26:25,Being Mortal: Medicine and ...,55.06
2025-06-24 12:26:25,A Murder Over a ...,13.2
2025-06-24 12:26:25,32 Yolks,53.63
2025-06-24 12:26:25,"""Most Blessed of the ...",44.48
2025-06-24 12:26:25,You Are a Badass: ...,12.08
2025-06-24 12:26:25,Wildlife of New York: ...,22.14
2025-06-24 12:26:25,What Happened on Beale ...,25.37
2025-06-24 12:26:25,Unreasonable Hope: Finding Faith ...,46.33
2025-06-24 12:26:25,Under the Tuscan Sun,37.33
2025-06-24 12:26:25,Toddlers Are A**holes: It's ...,25.55
2025-06-24 12:26:25,The Year of Living ...,34.72
2025-06-24 12:26:25,The Whale,35.96
2025-06-24 12:26:25,The Story of Art,41.14
2025-06-24 12:26:25,The Origin of Species,10.01
2025-06-24 12:26:25,The Great Gatsby,36.05
2025-06-24 12:26:25,The Good Girl,49.03
2025-06-24 12:26:25,The Glass Castle,16.24
2025-06-24 12:26:25,The Faith of Christopher ...,39.55
2025-06-24 12:26:25,The Drowning Girls,35.67
2025-06-24 12:26:25,The Constant Princess (The ...,16.62
2025-06-24 12:26:25,The Bourne Identity (Jason ...,42.78
2025-06-24 12:26:25,The Bachelor Girl's Guide ...,52.3
2025-06-24 12:26:25,The Art Book,32.34
2025-06-24 12:26:25,The 7 Habits of ...,33.17
2025-06-24 12:26:25,Team of Rivals: The ...,20.12
2025-06-24 12:26:25,Steal Like an Artist: ...,20.9
2025-06-24 12:26:25,"Sit, Stay, Love",20.9
2025-06-24 12:26:25,Sister Dear,40.2
2025-06-24 12:26:25,"Shrunken Treasures: Literary Classics, ...",52.87
2025-06-24 12:26:26,"Rich Dad, Poor Dad",51.74
2025-06-24 12:26:26,Raymie Nightingale,34.41
2025-06-24 12:26:26,Playing from the Heart,32.38
2025-06-24 12:26:26,Nightstruck: A Novel,50.35
2025-06-24 12:26:26,Naturally Lean: 125 Nourishing ...,11.38
2025-06-24 12:26:26,Meternity,43.58
2025-06-24 12:26:26,Memoirs of a Geisha,49.67
2025-06-24 12:26:26,Like Never Before (Walker ...,28.77
2025-06-24 12:26:26,Life of Pi,13.22
2025-06-24 12:26:26,Leave This Song Behind: ...,51.17
2025-06-24 12:26:26,King's Folly (The Kinsman ...,39.61
2025-06-24 12:26:26,John Adams,57.43
2025-06-24 12:26:26,How to Cook Everything ...,46.01
2025-06-24 12:26:26,How to Be a ...,28.25
2025-06-24 12:26:26,Good in Bed (Cannie ...,37.05
2025-06-24 12:26:26,"Fruits Basket, Vol. 7 ...",19.57
2025-06-24 12:26:26,For the Love: Fighting ...,45.13
2025-06-24 12:26:26,Finding God in the ...,46.64
2025-06-24 12:26:26,Every Heart a Doorway ...,12.16
2025-06-24 12:26:26,Delivering the Truth (Quaker ...,20.89
2025-06-24 12:26:26,Counted With the Stars ...,17.97
2025-06-24 12:26:26,"Chronicles, Vol. 1",52.6
2025-06-24 12:26:26,Blue Like Jazz: Nonreligious ...,25.77
2025-06-24 12:26:26,Benjamin Franklin: An American ...,48.19
2025-06-24 12:26:26,At The Existentialist Caf√©: ...,29.93
2025-06-24 12:26:26,A Summer In Europe,44.34
2025-06-24 12:26:26,A Short History of ...,52.4
2025-06-24 12:26:26,A Gathering of Shadows ...,44.81
2025-06-24 12:26:26,The Sound Of Love,57.84
2025-06-24 12:26:26,The Rise and Fall ...,39.67
2025-06-24 12:26:26,The Perks of Being ...,55.02
2025-06-24 12:26:26,The Mysterious Affair at ...,24.8
2025-06-24 12:26:26,The Man Who Mistook ...,59.45
2025-06-24 12:26:26,The Makings of a ...,31.58
2025-06-24 12:26:26,The Joy of Cooking,43.27
2025-06-24 12:26:26,The Invention of Wings,37.34
2025-06-24 12:26:26,The Hobbit (Middle-Earth Universe),17.8
2025-06-24 12:26:26,The Great Railway Bazaar,30.54
2025-06-24 12:26:26,The Golden Compass (His ...,18.77
2025-06-24 12:26:26,The God Delusion,46.85
2025-06-24 12:26:26,The Girl You Left ...,15.79
2025-06-24 12:26:26,The Fellowship of the ...,10.27
2025-06-24 12:26:26,The Collected Poems of ...,15.42
2025-06-24 12:26:26,The Barefoot Contessa Cookbook,59.92
2025-06-24 12:26:26,Tell the Wolves I'm ...,50.96
2025-06-24 12:26:26,Ship Leaves Harbor: Essays ...,30.6
2025-06-24 12:26:26,Pride and Prejudice,19.27
2025-06-24 12:26:26,Musicophilia: Tales of Music ...,46.58
2025-06-24 12:26:26,Mere Christianity,48.51
2025-06-24 12:26:26,Me Before You (Me ...,19.02
2025-06-24 12:26:26,In the Woods (Dublin ...,38.38
2025-06-24 12:26:26,In Cold Blood,49.98
2025-06-24 12:26:26,How to Stop Worrying ...,46.49
2025-06-24 12:26:26,Give It Back,18.32
2025-06-24 12:26:26,"Girl, Interrupted",42.14
2025-06-24 12:26:26,Fun Home: A Family ...,56.59
2025-06-24 12:26:26,"Fruits Basket, Vol. 6 ...",20.96
2025-06-24 12:26:26,Deception Point,40.32
2025-06-24 12:26:26,"Death Note, Vol. 6: ...",36.39
2025-06-24 12:26:26,Catherine the Great: Portrait ...,58.55
2025-06-24 12:26:26,Better Homes and Gardens ...,39.61
2025-06-24 12:26:26,An Unquiet Mind: A ...,21.3
2025-06-24 12:26:26,A Year in Provence ...,56.88
2025-06-24 12:26:26,World Without End (The ...,32.97
2025-06-24 12:26:26,"Will Grayson, Will Grayson ...",47.31
2025-06-24 12:26:26,Why Save the Bankers?: ...,48.67
2025-06-24 12:26:26,Where She Went (If ...,41.73
2025-06-24 12:26:26,What If?: Serious Scientific ...,53.68
2025-06-24 12:26:26,Two Summers,14.64
2025-06-24 12:26:26,This Is Your Brain ...,38.4
2025-06-24 12:26:26,The Secret Garden,15.08
2025-06-24 12:26:26,The Raven King (The ...,30.57
2025-06-24 12:26:26,The Raven Boys (The ...,57.74
2025-06-24 12:26:26,The Power Greens Cookbook: ...,11.05
2025-06-24 12:26:26,The Metamorphosis,28.58
2025-06-24 12:26:26,The Mathews Men: Seven ...,42.91
2025-06-24 12:26:26,The Little Paris Bookshop,24.73
2025-06-24 12:26:26,The Hiding Place,55.91
2025-06-24 12:26:26,The Grand Design,13.76
2025-06-24 12:26:26,The Firm,45.56
2025-06-24 12:26:26,The Fault in Our ...,47.22
2025-06-24 12:26:26,The False Prince (The ...,56.0
2025-06-24 12:26:26,The Expatriates,44.58
2025-06-24 12:26:26,The Dream Thieves (The ...,34.5
2025-06-24 12:26:26,The Darkest Corners,11.33
2025-06-24 12:26:26,The Crossover,38.77
2025-06-24 12:26:26,The 5th Wave (The ...,11.83
2025-06-24 12:26:26,Tell the Wind and ...,45.51
2025-06-24 12:26:26,Tell Me Three Things,41.81
2025-06-24 12:26:26,Talking to Girls About ...,25.15
2025-06-24 12:26:26,Siddhartha,34.22
2025-06-24 12:26:26,Shiver (The Wolves of ...,16.23
2025-06-24 12:26:26,Remember Me?,11.48
2025-06-24 12:26:26,Red Dragon (Hannibal Lecter ...,23.37
2025-06-24 12:26:26,Peak: Secrets from the ...,16.28
2025-06-24 12:26:26,My Mother Was Nuts,31.63
2025-06-24 12:26:26,Mexican Today: New and ...,24.91
2025-06-24 12:26:26,Maybe Something Beautiful: How ...,22.54
2025-06-24 12:26:26,Lola and the Boy ...,23.63
2025-06-24 12:26:26,Logan Kade (Fallen Crest ...,13.12
2025-06-24 12:26:26,Last One Home (New ...,59.98
2025-06-24 12:26:26,Killing Floor (Jack Reacher ...,31.49
2025-06-24 12:26:26,Kill the Boy Band,15.52
2025-06-24 12:26:26,Isla and the Happily ...,48.13
2025-06-24 12:26:27,If I Stay (If ...,38.13
2025-06-24 12:26:27,I Know Why the ...,36.55
2025-06-24 12:26:27,Harry Potter and the ...,23.32
2025-06-24 12:26:27,"Fruits Basket, Vol. 5 ...",16.33
2025-06-24 12:26:27,Foundation (Foundation (Publication Order) ...,32.42
2025-06-24 12:26:27,Fool Me Once,16.96
2025-06-24 12:26:27,Find Her (Detective D.D. ...,22.37
2025-06-24 12:26:27,Evicted: Poverty and Profit ...,42.27
2025-06-24 12:26:27,Drama,38.7
2025-06-24 12:26:27,Dracula the Un-Dead,35.63
2025-06-24 12:26:27,Digital Fortress,58.0
2025-06-24 12:26:27,"Death Note, Vol. 5: ...",52.41
2025-06-24 12:26:27,"Data, A Love Story: ...",32.35
2025-06-24 12:26:27,Critique of Pure Reason,20.75
2025-06-24 12:26:27,Booked,17.49
2025-06-24 12:26:27,"Blue Lily, Lily Blue ...",34.13
2025-06-24 12:26:27,Approval Junkie: Adventures in ...,58.81
2025-06-24 12:26:27,An Abundance of Katherines,10.0
2025-06-24 12:26:27,America's War for the ...,51.22
2025-06-24 12:26:27,Alight (The Generations Trilogy ...,58.59
2025-06-24 12:26:27,A Girl's Guide to ...,31.3
2025-06-24 12:26:27,A Game of Thrones ...,46.42
2025-06-24 12:26:27,A Feast for Crows ...,17.21
2025-06-24 12:26:27,A Clash of Kings ...,10.79
2025-06-24 12:26:27,Vogue Colors A to ...,52.35
2025-06-24 12:26:27,The Shining (The Shining ...,27.88
2025-06-24 12:26:27,The Pilgrim's Progress,50.26
2025-06-24 12:26:27,The Perfect Play (Play ...,59.99
2025-06-24 12:26:27,The Passion of Dolssa,28.32
2025-06-24 12:26:27,The Jazz of Physics: ...,38.71
2025-06-24 12:26:27,The Hunger Games (The ...,29.85
2025-06-24 12:26:27,The Hound of the ...,14.82
2025-06-24 12:26:27,The Gunning of America: ...,16.81
2025-06-24 12:26:27,The Geography of Bliss: ...,28.23
2025-06-24 12:26:27,The Demonists (Demonist #1),52.11
2025-06-24 12:26:27,The Demon Prince of ...,27.88
2025-06-24 12:26:27,The Bone Hunters (Lexy ...,59.71
2025-06-24 12:26:27,The Beast (Black Dagger ...,46.08
2025-06-24 12:26:27,Some Women,13.73
2025-06-24 12:26:27,Shopaholic Ties the Knot ...,48.39
2025-06-24 12:26:27,Paper and Fire (The ...,49.45
2025-06-24 12:26:27,Outlander (Outlander #1),19.67
2025-06-24 12:26:27,Orchestra of Exiles: The ...,12.36
2025-06-24 12:26:27,No One Here Gets ...,20.02
2025-06-24 12:26:27,Night Shift (Night Shift ...,12.75
2025-06-24 12:26:27,Needful Things,47.51
2025-06-24 12:26:27,Mockingjay (The Hunger Games ...,20.44
2025-06-24 12:26:27,Misery,34.79
2025-06-24 12:26:27,Little Women (Little Women ...,28.07
2025-06-24 12:26:27,It,25.01
2025-06-24 12:26:27,Harry Potter and the ...,13.9
2025-06-24 12:26:27,Harry Potter and the ...,24.17
2025-06-24 12:26:27,Harry Potter and the ...,31.63
2025-06-24 12:26:27,Harry Potter and the ...,48.75
2025-06-24 12:26:27,Harry Potter and the ...,14.74
2025-06-24 12:26:27,Gone with the Wind,32.49
2025-06-24 12:26:27,God Is Not Great: ...,27.8
2025-06-24 12:26:27,Girl With a Pearl ...,26.77
2025-06-24 12:26:27,"Fruits Basket, Vol. 4 ...",50.44
2025-06-24 12:26:27,Far From True (Promise ...,34.93
2025-06-24 12:26:27,Dark Lover (Black Dagger ...,12.87
2025-06-24 12:26:27,Confessions of a Shopaholic ...,48.94
2025-06-24 12:26:27,Changing the Game (Play ...,13.38
2025-06-24 12:26:27,Candide,58.63
2025-06-24 12:26:27,Can You Keep a ...,21.94
2025-06-24 12:26:27,Atlas Shrugged,26.58
2025-06-24 12:26:27,Animal Farm,57.22
2025-06-24 12:26:27,A Walk to Remember,56.43
2025-06-24 12:26:27,A New Earth: Awakening ...,55.65
2025-06-24 12:26:27,A History of God: ...,27.62
2025-06-24 12:26:27,'Salem's Lot,49.56
2025-06-24 12:26:27,Zero History (Blue Ant ...,34.77
2025-06-24 12:26:27,Wuthering Heights,17.73
2025-06-24 12:26:27,World War Z: An ...,21.8
2025-06-24 12:26:27,Wild: From Lost to ...,46.02
2025-06-24 12:26:27,"Where'd You Go, Bernadette",18.13
2025-06-24 12:26:27,When You Are Engulfed ...,30.89
2025-06-24 12:26:27,We the People: The ...,31.95
2025-06-24 12:26:27,We Are All Completely ...,24.04
2025-06-24 12:26:27,Walk the Edge (Thunder ...,32.36
2025-06-24 12:26:27,Voyager (Outlander #3),21.07
2025-06-24 12:26:27,Very Good Lives: The ...,50.66
2025-06-24 12:26:27,Vegan Vegetarian Omnivore: Dinner ...,13.66
2025-06-24 12:26:27,"Unstuffed: Decluttering Your Home, ...",58.09
2025-06-24 12:26:27,Under the Banner of ...,30.0
2025-06-24 12:26:27,Two Boys Kissing,32.74
2025-06-24 12:26:27,Twilight (Twilight #1),41.93
2025-06-24 12:26:27,Twenties Girl,42.8
2025-06-24 12:26:27,Trespassing Across America: One ...,53.51
2025-06-24 12:26:27,Three-Martini Lunch,23.21
2025-06-24 12:26:27,"Thinking, Fast and Slow",21.14
2025-06-24 12:26:27,The Wild Robot,56.07
2025-06-24 12:26:27,The Wicked + The ...,14.41
2025-06-24 12:26:27,The Undomestic Goddess,45.75
2025-06-24 12:26:27,The Travelers,15.77
2025-06-24 12:26:27,The Tipping Point: How ...,10.02
2025-06-24 12:26:27,The Thing About Jellyfish,48.77
2025-06-24 12:26:27,The Stand,57.86
2025-06-24 12:26:27,The Smitten Kitchen Cookbook,23.59
2025-06-24 12:26:27,The Silkworm (Cormoran Strike ...,23.05
2025-06-24 12:26:27,"The Sandman, Vol. 3: ...",55.55
2025-06-24 12:26:27,The Rose & the ...,58.64
2025-06-24 12:26:28,The Road to Little ...,23.21
2025-06-24 12:26:28,The Rise of Theodore ...,42.57
2025-06-24 12:26:28,The Restaurant at the ...,10.92
2025-06-24 12:26:28,The Rest Is Noise: ...,34.77
2025-06-24 12:26:28,The Red Tent,35.66
2025-06-24 12:26:28,The Purpose Driven Life: ...,37.19
2025-06-24 12:26:28,The Purest Hook (Second ...,12.25
2025-06-24 12:26:28,The Picture of Dorian ...,29.7
2025-06-24 12:26:28,The Paris Wife,36.8
2025-06-24 12:26:28,The Obsession,45.43
2025-06-24 12:26:28,The Nightingale,26.26
2025-06-24 12:26:28,The New Guy (and ...,44.92
2025-06-24 12:26:28,The Nanny Diaries (Nanny ...,52.53
2025-06-24 12:26:28,The Name of God ...,37.25
2025-06-24 12:26:28,The Maze Runner (The ...,20.93
2025-06-24 12:26:28,The Lover's Dictionary,58.09
2025-06-24 12:26:28,The Lonely Ones,43.59
2025-06-24 12:26:28,The Lean Startup: How ...,33.92
2025-06-24 12:26:28,The Last Painting of ...,55.55
2025-06-24 12:26:28,"The Land of 10,000 ...",29.64
2025-06-24 12:26:28,The Infinities,27.41
2025-06-24 12:26:28,The Husband's Secret,52.51
2025-06-24 12:26:28,The Hitchhiker's Guide to ...,47.8
2025-06-24 12:26:28,The Guns of August,14.54
2025-06-24 12:26:28,The Guernsey Literary and ...,49.53
2025-06-24 12:26:28,The Goldfinch,43.58
2025-06-24 12:26:28,The Giver (The Giver ...,12.3
2025-06-24 12:26:28,The Girl with All ...,49.47
2025-06-24 12:26:28,The Girl Who Played ...,22.14
2025-06-24 12:26:28,The Girl Who Kicked ...,57.48
2025-06-24 12:26:28,The Exiled,43.45
2025-06-24 12:26:28,The End of Faith: ...,22.13
2025-06-24 12:26:28,"The Elegant Universe: Superstrings, ...",13.03
2025-06-24 12:26:28,The Disappearing Spoon: And ...,57.35
2025-06-24 12:26:28,The Devil Wears Prada ...,44.29
2025-06-24 12:26:28,The Demon-Haunted World: Science ...,52.25
2025-06-24 12:26:28,The Day the Crayons ...,26.33
2025-06-24 12:26:28,The Da Vinci Code ...,22.96
2025-06-24 12:26:28,The Cuckoo's Calling (Cormoran ...,19.21
2025-06-24 12:26:28,The Complete Stories and ...,26.78
2025-06-24 12:26:28,The Complete Poems,41.32
2025-06-24 12:26:28,The Catcher in the ...,24.55
2025-06-24 12:26:28,The Cat in the ...,16.26
2025-06-24 12:26:28,The Case for Christ ...,47.84
2025-06-24 12:26:28,The Book Thief,53.49
2025-06-24 12:26:28,The Book of Basketball: ...,44.84
2025-06-24 12:26:28,The Blind Side: Evolution ...,53.71
2025-06-24 12:26:28,The Autobiography of Malcolm ...,23.43
2025-06-24 12:26:28,The Art of Simple ...,34.32
2025-06-24 12:26:28,The Art of Fielding,22.1
2025-06-24 12:26:28,"Surely You're Joking, Mr. ...",25.83
2025-06-24 12:26:28,Stiff: The Curious Lives ...,36.74
2025-06-24 12:26:28,Spilled Milk: Based on ...,49.51
2025-06-24 12:26:28,Something Borrowed (Darcy & ...,48.96
2025-06-24 12:26:28,Something Blue (Darcy & ...,54.62
2025-06-24 12:26:28,Soldier (Talon #3),24.72
2025-06-24 12:26:28,Shopaholic & Baby (Shopaholic ...,46.45
2025-06-24 12:26:28,Seven Days in the ...,52.33
2025-06-24 12:26:28,Seven Brief Lessons on ...,30.6
2025-06-24 12:26:28,Scarlet (The Lunar Chronicles ...,14.57
2025-06-24 12:26:28,Sarah's Key,46.29
2025-06-24 12:26:28,"Saga, Volume 3 (Saga ...",21.57
2025-06-24 12:26:28,Running with Scissors,12.91
2025-06-24 12:26:28,Rogue Lawyer (Rogue Lawyer ...,50.11
2025-06-24 12:26:28,Rise of the Rocket ...,41.67
2025-06-24 12:26:28,Rework,44.88
2025-06-24 12:26:28,Reservations for Two,11.1
2025-06-24 12:26:28,Red: The True Story ...,28.54
2025-06-24 12:26:28,Ready Player One,19.07
2025-06-24 12:26:28,Quiet: The Power of ...,43.55
2025-06-24 12:26:28,Prodigy: The Graphic Novel ...,43.63
2025-06-24 12:26:28,Persepolis: The Story of ...,39.13
2025-06-24 12:26:28,Packing for Mars: The ...,56.68
2025-06-24 12:26:28,Outliers: The Story of ...,14.16
2025-06-24 12:26:28,Original Fake,31.45
2025-06-24 12:26:28,Orange Is the New ...,24.61
2025-06-24 12:26:28,One for the Money ...,32.87
2025-06-24 12:26:28,Notes from a Small ...,40.17
2025-06-24 12:26:28,Night (The Night Trilogy ...,13.51
2025-06-24 12:26:28,Neither Here nor There: ...,38.95
2025-06-24 12:26:28,Naked,31.69
2025-06-24 12:26:28,Morning Star (Red Rising ...,29.4
2025-06-24 12:26:28,Miracles from Heaven: A ...,57.83
2025-06-24 12:26:29,Midnight Riot (Peter Grant/ ...,55.46
2025-06-24 12:26:29,Me Talk Pretty One ...,57.6
2025-06-24 12:26:29,Manuscript Found in Accra,34.98
2025-06-24 12:26:29,Lust & Wonder,11.87
2025-06-24 12:26:29,Lila (Gilead #3),12.47
2025-06-24 12:26:29,"Life, the Universe and ...",33.26
2025-06-24 12:26:29,Life Without a Recipe,59.04
2025-06-24 12:26:29,Life After Life,26.13
2025-06-24 12:26:29,Letter to a Christian ...,22.2
2025-06-24 12:26:29,Let's Pretend This Never ...,45.11
2025-06-24 12:26:29,Legend (Legend #1),43.69
2025-06-24 12:26:29,"Lean In: Women, Work, ...",25.02
2025-06-24 12:26:29,Lamb: The Gospel According ...,55.5
2025-06-24 12:26:29,Lady Renegades (Rebel Belle ...,53.04
2025-06-24 12:26:29,Jurassic Park (Jurassic Park ...,44.97
2025-06-24 12:26:29,It's Never Too Late ...,42.38
2025-06-24 12:26:29,Is Everyone Hanging Out ...,20.11
2025-06-24 12:26:29,Into the Wild,56.7
2025-06-24 12:26:29,Inferno (Robert Langdon #4),41.0
2025-06-24 12:26:29,In the Garden of ...,28.85
2025-06-24 12:26:29,If I Run (If ...,49.97
2025-06-24 12:26:29,I've Got Your Number,19.69
2025-06-24 12:26:29,I Am Malala: The ...,28.88
2025-06-24 12:26:29,Hungry Girl Clean & ...,33.14
2025-06-24 12:26:29,House of Lost Worlds: ...,43.7
2025-06-24 12:26:29,House of Leaves,54.89
2025-06-24 12:26:29,Horrible Bear!,37.52
2025-06-24 12:26:29,Holidays on Ice,51.07
2025-06-24 12:26:29,Heir to the Sky,44.07
2025-06-24 12:26:29,Green Eggs and Ham ...,10.79
2025-06-24 12:26:29,"Grayson, Vol 3: Nemesis ...",42.72
2025-06-24 12:26:29,Gratitude,26.66
2025-06-24 12:26:29,Gone Girl,37.6
2025-06-24 12:26:29,Golden (Heart of Dread ...,42.21
2025-06-24 12:26:29,Girl in the Blue ...,46.83
2025-06-24 12:26:29,"Fruits Basket, Vol. 3 ...",45.17
2025-06-24 12:26:29,Friday Night Lights: A ...,51.22
2025-06-24 12:26:29,Fire Bound (Sea Haven/Sisters ...,21.28
2025-06-24 12:26:29,Fifty Shades Freed (Fifty ...,15.36
2025-06-24 12:26:29,Fellside,38.62
2025-06-24 12:26:29,Extreme Prey (Lucas Davenport ...,25.4
2025-06-24 12:26:29,Eragon (The Inheritance Cycle ...,43.87
2025-06-24 12:26:29,Eclipse (Twilight #3),18.74
2025-06-24 12:26:29,Dune (Dune #1),54.86
2025-06-24 12:26:29,Dracula,52.62
2025-06-24 12:26:29,Do Androids Dream of ...,51.48
2025-06-24 12:26:29,Disrupted: My Misadventure in ...,15.28
2025-06-24 12:26:29,Dead Wake: The Last ...,39.24
2025-06-24 12:26:29,"David and Goliath: Underdogs, ...",17.81
2025-06-24 12:26:29,Darkfever (Fever #1),56.02
2025-06-24 12:26:29,Dark Places,23.9
2025-06-24 12:26:29,Crazy Rich Asians (Crazy ...,49.13
2025-06-24 12:26:29,Counting Thyme,10.62
2025-06-24 12:26:29,Cosmos,36.17
2025-06-24 12:26:29,Civilization and Its Discontents,59.95
2025-06-24 12:26:29,Cinder (The Lunar Chronicles ...,26.09
2025-06-24 12:26:29,Catastrophic Happiness: Finding Joy ...,37.35
2025-06-24 12:26:29,Career of Evil (Cormoran ...,24.72
2025-06-24 12:26:29,Breaking Dawn (Twilight #4),35.28
2025-06-24 12:26:29,Brave Enough,51.32
2025-06-24 12:26:29,Boy Meets Boy,21.12
2025-06-24 12:26:29,Born to Run: A ...,27.35
2025-06-24 12:26:29,Blink: The Power of ...,21.74
2025-06-24 12:26:29,Black Flags: The Rise ...,40.87
2025-06-24 12:26:29,"Black Butler, Vol. 1 ...",49.31
2025-06-24 12:26:29,Big Little Lies,22.11
2025-06-24 12:26:29,Between Shades of Gray,20.79
2025-06-24 12:26:29,Best of My Love ...,27.41
2025-06-24 12:26:29,Beowulf,38.35
2025-06-24 12:26:29,Beautiful Creatures (Caster Chronicles ...,21.55
2025-06-24 12:26:29,Awkward,38.02
2025-06-24 12:26:29,Ash,22.06
2025-06-24 12:26:29,Are We There Yet?,10.66
2025-06-24 12:26:29,Are We Smart Enough ...,56.58
2025-06-24 12:26:29,Annie on My Mind,36.83
2025-06-24 12:26:29,And Then There Were ...,35.01
2025-06-24 12:26:29,A Walk in the ...,30.48
2025-06-24 12:26:29,A Visit from the ...,14.08
2025-06-24 12:26:29,A Storm of Swords ...,31.22
2025-06-24 12:26:29,A Heartbreaking Work of ...,54.29
2025-06-24 12:26:29,8 Keys to Mental ...,31.04
2025-06-24 12:26:29,#GIRLBOSS,50.96
2025-06-24 12:26:29,The Suffragettes (Little Black ...,11.89
2025-06-24 12:26:29,The Sense of an ...,31.38
2025-06-24 12:26:29,"The Sandman, Vol. 2: ...",54.81
2025-06-24 12:26:29,The Course of Love,16.78
2025-06-24 12:26:29,Sugar Rush (Offensive Line ...,24.42
2025-06-24 12:26:29,"Saga, Volume 2 (Saga ...",11.75
2025-06-24 12:26:29,"Run, Spot, Run: The ...",20.02
2025-06-24 12:26:29,New Moon (Twilight #2),12.86
2025-06-24 12:26:29,Life,31.58
2025-06-24 12:26:29,Kindle Paperwhite User's Guide,34.0
2025-06-24 12:26:29,H is for Hawk,57.42
2025-06-24 12:26:29,Girl Online On Tour ...,53.47
2025-06-24 12:26:29,"Fruits Basket, Vol. 2 ...",11.64
2025-06-24 12:26:29,Diary of a Minecraft ...,52.88
2025-06-24 12:26:29,"Y: The Last Man, ...",18.51
2025-06-24 12:26:29,While You Were Mine,41.32
2025-06-24 12:26:30,Where Lightning Strikes (Bleeding ...,39.77
2025-06-24 12:26:30,When I'm Gone,51.96
2025-06-24 12:26:30,Ways of Seeing,39.51
2025-06-24 12:26:30,"Vampire Knight, Vol. 1 ...",15.4
2025-06-24 12:26:30,Vampire Girl (Vampire Girl ...,53.82
2025-06-24 12:26:30,Twenty Love Poems and ...,30.95
2025-06-24 12:26:30,Travels with Charley: In ...,57.82
2025-06-24 12:26:30,Three Wishes (River of ...,44.18
2025-06-24 12:26:30,This One Moment (Pushing ...,48.71
2025-06-24 12:26:30,The Zombie Room,19.69
2025-06-24 12:26:30,The Wicked + The ...,36.52
2025-06-24 12:26:30,The Tumor,41.56
2025-06-24 12:26:30,The Story of Hong ...,43.19
2025-06-24 12:26:30,The Silent Wife,12.34
2025-06-24 12:26:30,The Silent Twin (Detective ...,36.25
2025-06-24 12:26:30,The Selfish Gene,29.45
2025-06-24 12:26:30,The Secret Healer,34.56
2025-06-24 12:26:30,"The Sandman, Vol. 1: ...",54.12
2025-06-24 12:26:30,The Republic,33.78
2025-06-24 12:26:30,The Odyssey,29.64
2025-06-24 12:26:30,The No. 1 Ladies' ...,57.7
2025-06-24 12:26:30,The Nicomachean Ethics,36.34
2025-06-24 12:26:30,The Name of the ...,50.59
2025-06-24 12:26:30,The Mirror & the ...,29.38
2025-06-24 12:26:30,The Little Prince,45.42
2025-06-24 12:26:30,The Light of the ...,54.43
2025-06-24 12:26:30,The Last Girl (The ...,36.26
2025-06-24 12:26:30,The Iliad,16.16
2025-06-24 12:26:30,The Hook Up (Game ...,36.29
2025-06-24 12:26:30,The Haters,27.89
2025-06-24 12:26:30,The Girl You Lost,12.29
2025-06-24 12:26:30,The Girl In The ...,15.85
2025-06-24 12:26:30,The End of the ...,14.4
2025-06-24 12:26:30,The Edge of Reason ...,19.18
2025-06-24 12:26:30,The Complete Maus (Maus ...,10.64
2025-06-24 12:26:30,The Communist Manifesto,14.76
2025-06-24 12:26:30,The Bhagavad Gita,57.49
2025-06-24 12:26:30,The Bette Davis Club,30.66
2025-06-24 12:26:30,The Art of Not ...,40.83
2025-06-24 12:26:30,Taking Shots (Assassins #1),18.88
2025-06-24 12:26:30,Starlark,25.83
2025-06-24 12:26:30,"Skip Beat!, Vol. 01 ...",42.12
2025-06-24 12:26:30,Sister Sable (The Mad ...,13.33
2025-06-24 12:26:30,Shatter Me (Shatter Me ...,42.4
2025-06-24 12:26:30,Shameless,58.35
2025-06-24 12:26:30,Shadow Rites (Jane Yellowrock ...,21.72
2025-06-24 12:26:30,Settling the Score (The ...,44.91
2025-06-24 12:26:30,Sense and Sensibility,37.46
2025-06-24 12:26:30,"Saga, Volume 1 (Saga ...",28.48
2025-06-24 12:26:30,"Rhythm, Chord & Malykhin",28.34
2025-06-24 12:26:30,"Rat Queens, Vol. 1: ...",46.96
2025-06-24 12:26:30,Paradise Lost (Paradise #1),24.96
2025-06-24 12:26:30,"Paper Girls, Vol. 1 ...",21.71
2025-06-24 12:26:30,Ouran High School Host ...,29.87
2025-06-24 12:26:30,Origins (Alphas 0.5),28.99
2025-06-24 12:26:30,One Second (Seven #7),52.94
2025-06-24 12:26:30,On the Road (Duluoz ...,32.36
2025-06-24 12:26:30,Old Records Never Die: ...,55.66
2025-06-24 12:26:30,Off Sides (Off #1),39.45
2025-06-24 12:26:30,Of Mice and Men,47.11
2025-06-24 12:26:30,Myriad (Prentor #1),58.75
2025-06-24 12:26:30,My Perfect Mistake (Over ...,38.92
2025-06-24 12:26:30,"Ms. Marvel, Vol. 1: ...",39.39
2025-06-24 12:26:30,Meditations,25.89
2025-06-24 12:26:30,Matilda,28.34
2025-06-24 12:26:30,Lost Among the Living,27.7
2025-06-24 12:26:30,Lord of the Flies,24.89
2025-06-24 12:26:30,Listen to Me (Fusion ...,58.99
2025-06-24 12:26:30,Kitchens of the Great ...,57.2
2025-06-24 12:26:30,Jane Eyre,38.43
2025-06-24 12:26:30,Imperfect Harmony,34.74
2025-06-24 12:26:30,Icing (Aces Hockey #2),40.44
2025-06-24 12:26:30,"Hawkeye, Vol. 1: My ...",45.24
2025-06-24 12:26:30,Having the Barbarian's Baby ...,34.96
2025-06-24 12:26:30,"Giant Days, Vol. 1 ...",56.76
2025-06-24 12:26:30,"Fruits Basket, Vol. 1 ...",40.28
2025-06-24 12:26:30,Frankenstein,38.0
2025-06-24 12:26:30,Forever Rockers (The Rocker ...,28.8
2025-06-24 12:26:30,Fighting Fate (Fighting #6),39.24
2025-06-24 12:26:30,Emma,32.93
2025-06-24 12:26:30,"Eat, Pray, Love",51.32
2025-06-24 12:26:30,Deep Under (Walker Security ...,47.09
2025-06-24 12:26:30,Choosing Our Religion: The ...,28.42
2025-06-24 12:26:30,Charlie and the Chocolate ...,22.85
2025-06-24 12:26:30,Charity's Cross (Charles Towne ...,41.24
2025-06-24 12:26:30,Bright Lines,39.07
2025-06-24 12:26:30,Bridget Jones's Diary (Bridget ...,29.82
2025-06-24 12:26:30,Bounty (Colorado Mountain #7),37.26
2025-06-24 12:26:30,Blood Defense (Samantha Brinkman ...,20.3
2025-06-24 12:26:30,"Bleach, Vol. 1: Strawberry ...",34.65
2025-06-24 12:26:30,Beyond Good and Evil,43.38
2025-06-24 12:26:30,Alice in Wonderland (Alice's ...,55.53
2025-06-24 12:26:30,"Ajin: Demi-Human, Volume 1 ...",57.06
2025-06-24 12:26:30,A Spy's Devotion (The ...,16.97
2025-06-24 12:26:30,1st to Die (Women's ...,53.98
2025-06-24 12:26:30,"1,000 Places to See ...",26.08
2025-06-24 13:01:45,A Light in the ...,51.77
2025-06-24 13:01:45,Tipping the Velvet,53.74
2025-06-24 13:01:45,Soumission,50.1
2025-06-24 13:01:45,Sharp Objects,47.82
2025-06-24 13:01:45,Sapiens: A Brief History ...,54.23
2025-06-24 13:01:45,The Requiem Red,22.65
2025-06-24 13:01:45,The Dirty Little Secrets ...,33.34
2025-06-24 13:01:45,The Coming Woman: A ...,17.93
2025-06-24 13:24:46,A Light in the ...,51.77
2025-06-24 13:24:46,Tipping the Velvet,53.74
2025-06-24 13:24:46,Soumission,50.1
2025-06-24 13:24:46,Sharp Objects,47.82
2025-06-24 13:24:46,Sapiens: A Brief History ...,54.23
2025-06-24 13:24:46,The Requiem Red,22.65
2025-06-24 13:24:46,The Dirty Little Secrets ...,33.34
2025-06-24 13:24:46,The Coming Woman: A ...,17.93
2025-06-24 13:24:46,The Boys in the ...,22.6
2025-06-24 13:24:46,The Black Maria,52.15
2025-06-24 13:24:46,Starving Hearts (Triangular Trade ...,13.99
2025-06-24 13:24:46,Shakespeare's Sonnets,20.66
2025-06-24 13:24:46,Set Me Free,17.46
2025-06-24 13:24:46,Scott Pilgrim's Precious Little ...,52.29
2025-06-24 13:24:46,Rip it Up and ...,35.02
2025-06-24 13:24:46,Our Band Could Be ...,57.25
2025-06-24 13:24:46,Olio,23.88
2025-06-24 13:24:46,Mesaerion: The Best Science ...,37.59
2025-06-24 13:24:46,Libertarianism for Beginners,51.33
2025-06-24 13:24:46,It's Only the Himalayas,45.17
2025-06-24 13:24:46,In Her Wake,12.84
2025-06-24 13:24:46,How Music Works,37.32
2025-06-24 13:24:46,Foolproof Preserving: A Guide ...,30.52
2025-06-24 13:24:46,Chase Me (Paris Nights ...,25.27
2025-06-24 13:24:46,Black Dust,34.53
2025-06-24 13:24:46,Birdsong: A Story in ...,54.64
2025-06-24 13:24:46,America's Cradle of Quarterbacks: ...,22.5
2025-06-24 13:24:46,Aladdin and His Wonderful ...,53.13
2025-06-24 13:24:46,Worlds Elsewhere: Journeys Around ...,40.3
2025-06-24 13:24:46,Wall and Piece,44.18
2025-06-24 13:24:46,The Four Agreements: A ...,17.66
2025-06-24 13:24:46,The Five Love Languages: ...,31.05
2025-06-24 13:24:46,The Elephant Tree,23.82
2025-06-24 13:24:46,The Bear and the ...,36.89
2025-06-24 13:24:46,Sophie's World,15.94
2025-06-24 13:24:46,Penny Maybe,33.29
2025-06-24 13:24:46,Maude (1883-1993):She Grew Up ...,18.02
2025-06-24 13:24:46,"In a Dark, Dark ...",19.63
2025-06-24 13:24:46,Behind Closed Doors,52.22
2025-06-24 13:24:46,You can't bury them ...,33.63
2025-06-24 13:24:46,Slow States of Collapse: ...,57.31
2025-06-24 13:24:46,Reasons to Stay Alive,26.41
2025-06-24 13:24:46,Private Paris (Private #10),47.61
2025-06-24 13:24:46,#HigherSelfie: Wake Up Your ...,23.11
2025-06-24 13:24:46,Without Borders (Wanderlove #1),45.07
2025-06-24 13:24:46,When We Collided,31.77
2025-06-24 13:24:46,"We Love You, Charlie ...",50.27
2025-06-24 13:24:46,Untitled Collection: Sabbath Poems ...,14.27
2025-06-24 13:24:46,Unseen City: The Majesty ...,44.18
2025-06-24 13:24:46,Unicorn Tracks,18.78
2025-06-24 13:24:46,Unbound: How Eight Technologies ...,25.52
2025-06-24 13:24:46,Tsubasa: WoRLD CHRoNiCLE 2 ...,16.28
2025-06-24 13:24:46,Throwing Rocks at the ...,31.12
2025-06-24 13:24:46,This One Summer,19.49
2025-06-24 13:24:46,Thirst,17.27
2025-06-24 13:24:46,The Torch Is Passed: ...,19.09
2025-06-24 13:24:46,The Secret of Dreadwillow ...,56.13
2025-06-24 13:24:46,The Pioneer Woman Cooks: ...,56.41
2025-06-24 13:24:46,The Past Never Ends,56.5
2025-06-24 13:24:46,The Natural History of ...,45.22
2025-06-24 13:24:46,The Nameless City (The ...,38.16
2025-06-24 13:24:46,The Murder That Never ...,54.11
2025-06-24 13:24:46,The Most Perfect Thing: ...,42.96
2025-06-24 13:24:46,The Mindfulness and Acceptance ...,23.89
2025-06-24 13:24:46,The Life-Changing Magic of ...,16.77
2025-06-24 13:24:46,The Inefficiency Assassin: Time ...,20.59
2025-06-24 13:24:46,The Gutsy Girl: Escapades ...,37.13
2025-06-24 13:24:46,The Electric Pencil: Drawings ...,56.06
2025-06-24 13:24:46,The Death of Humanity: ...,58.11
2025-06-24 13:24:47,The Bulletproof Diet: Lose ...,49.05
2025-06-24 13:24:47,The Art Forger,40.76
2025-06-24 13:24:47,The Age of Genius: ...,19.73
2025-06-24 13:24:47,The Activist's Tao Te ...,32.24
2025-06-24 13:24:47,Spark Joy: An Illustrated ...,41.83
2025-06-24 13:24:47,Soul Reader,39.58
2025-06-24 13:24:47,Security,39.25
2025-06-24 13:24:47,"Saga, Volume 6 (Saga ...",25.02
2025-06-24 13:24:47,"Saga, Volume 5 (Saga ...",51.04
2025-06-24 13:24:47,Reskilling America: Learning to ...,19.83
2025-06-24 13:24:47,"Rat Queens, Vol. 3: ...",50.4
2025-06-24 13:24:47,"Princess Jellyfish 2-in-1 Omnibus, ...",13.61
2025-06-24 13:24:47,Princess Between Worlds (Wide-Awake ...,13.34
2025-06-24 13:24:47,"Pop Gun War, Volume ...",18.97
2025-06-24 13:24:47,"Political Suicide: Missteps, Peccadilloes, ...",36.28
2025-06-24 13:24:47,Patience,10.16
2025-06-24 13:24:47,"Outcast, Vol. 1: A ...",15.44
2025-06-24 13:24:47,orange: The Complete Collection ...,48.41
2025-06-24 13:24:47,Online Marketing for Busy ...,46.35
2025-06-24 13:24:47,On a Midnight Clear,14.07
2025-06-24 13:24:47,Obsidian (Lux #1),14.86
2025-06-24 13:24:47,My Paris Kitchen: Recipes ...,33.37
2025-06-24 13:24:47,Masks and Shadows,56.4
2025-06-24 13:24:47,Mama Tried: Traditional Italian ...,14.02
2025-06-24 13:24:47,"Lumberjanes, Vol. 2: Friendship ...",46.91
2025-06-24 13:24:47,"Lumberjanes, Vol. 1: Beware ...",45.61
2025-06-24 13:24:47,Lumberjanes Vol. 3: A ...,19.92
2025-06-24 13:24:47,"Layered: Baking, Building, and ...",40.11
2025-06-24 13:24:47,Judo: Seven Steps to ...,53.9
2025-06-24 13:24:47,Join,35.67
2025-06-24 13:24:47,In the Country We ...,22.0
